1652081222,Phuong Ngan,0795792763,350 Phan Chu Trinh,2022-05-09T07:27:24.121Z
1652081247,Khanh Hang,0987654322,19 Thach Han,2022-05-09T07:27:40.044Z
1652083345,Minh Thi,09876545678,28 Nguyen Tri Phuong,2022-05-09T08:03:01.806Z
1652083767,Ho Ly,0892354721,1 Phan Dinh Phung,2022-05-09T08:09:58.983Z
1652084380,Triet Nguyen,0987656796,20 Thach Han,2022-05-09T08:20:11.698Z
1652084546,Han Nguyen,0876567881,345 To Huu,2022-05-09T08:23:23.511Z
1652084686,Tung Pham,0987678399,56 Hung Vuong,2022-05-09T08:25:20.225Z
1652084778,Ngan Huynh,0987679173,24 Dien Bien Phu,2022-05-09T08:26:45.890Z
1652085154,Quynh Anh,0987656788,24/12 Han Mac Tu,2022-05-09T08:33:39.545Z
1652085375,Hang Dinh,0987654567,72/44 Luong The Vinh,2022-05-09T08:36:53.608Z
1652085489,Thi Pham,0563901936,298 An Duong Vuong,2022-05-09T08:38:36.488Z
1652085597,Nguyen Dai Triet,0987654345,617/1 Nhat Le,2022-05-09T08:40:33.766Z
1652085702,Thuan Ho,0956786579,82/1/23 Hoang Dieu,2022-05-09T08:42:15.005Z
